dataset,background,overlay,precision,recall,f1,iou,tp,fp,fn,tn
turkish_march,background_00.jpeg,overlay_00.png,0.5149222540998123,0.5157552665375309,0.5153384236907217,0.3471083457091967,72689,68476,68248,1596212
turkish_march,background_01.jpeg,overlay_01.png,0.5520332251929746,0.5073077746840865,0.5287263441268254,0.35936641835202016,118431,96105,115019,1480570
turkish_march,background_02.jpeg,overlay_02.png,0.5659120239298112,0.5065435708241363,0.5345845530126374,0.3648006810025441,113136,86782,110213,1501119
turkish_march,background_03.jpeg,overlay_03.png,0.5610718757336255,0.5391665217534345,0.5499011348520618,0.3792163059143979,114719,89745,98052,1489609
turkish_march,background_04.jpeg,overlay_04.png,0.7068215039792106,0.6229280581718245,0.662228376651044,0.4950234891313003,43519,18051,26343,522962
